Experience ID,10585786779

Breakdown,Seconds Since Start,New user first session retention
% still playing,0,1
% still playing,30,0.8754208754208754
% still playing,60,0.6666666666666666
% still playing,90,0.6094276094276094
% still playing,120,0.5622895622895623
% still playing,150,0.5252525252525253
% still playing,180,0.4612794612794613
% still playing,210,0.43097643097643096
% still playing,240,0.4107744107744108
% still playing,270,0.40404040404040403
% still playing,300,0.3939393939393939
% still playing,330,0.3771043771043771
% still playing,360,0.37037037037037035
% still playing,390,0.37037037037037035
% still playing,420,0.35353535353535354
% still playing,450,0.3367003367003367
% still playing,480,0.3333333333333333
% still playing,510,0.32323232323232326
% still playing,540,0.30976430976430974
% still playing,570,0.2996632996632997
% still playing,600,0.2962962962962963
% still playing,630,0.29292929292929293
% still playing,660,0.29292929292929293
% still playing,690,0.2895622895622896
% still playing,720,0.28619528619528617
% still playing,750,0.2828282828282828
% still playing,780,0.2727272727272727
% still playing,810,0.265993265993266
% still playing,840,0.265993265993266
% still playing,870,0.265993265993266
% still playing,900,0.26262626262626265
% still playing,930,0.25925925925925924
% still playing,960,0.25925925925925924
% still playing,990,0.2558922558922559
% still playing,1020,0.24915824915824916
% still playing,1050,0.24579124579124578
% still playing,1080,0.24242424242424243
% still playing,1110,0.24242424242424243
% still playing,1140,0.23905723905723905
% still playing,1170,0.2356902356902357
% still playing,1200,0.2356902356902357
% still playing,1230,0.2356902356902357
% still playing,1260,0.22895622895622897
% still playing,1290,0.2255892255892256
% still playing,1320,0.2255892255892256
% still playing,1350,0.2255892255892256
% still playing,1380,0.2255892255892256
% still playing,1410,0.2255892255892256
% still playing,1440,0.2255892255892256
% still playing,1470,0.2255892255892256
% still playing,1500,0.2222222222222222
% still playing,1530,0.21885521885521886
% still playing,1560,0.21885521885521886
% still playing,1590,0.21885521885521886
% still playing,1620,0.21885521885521886
% still playing,1650,0.21885521885521886
% still playing,1680,0.21885521885521886
% still playing,1710,0.21885521885521886
% still playing,1740,0.21548821548821548
% still playing,1770,0.21548821548821548
% still playing,1800,0.21548821548821548