breakdown,date,average_session_time
Total,2026-08-12,0.0
Total,2026-08-13,0.0
Total,2026-08-14,0.0
Total,2026-08-15,0.0
Total,2026-08-16,0.0
Total,2026-08-17,0.0
Total,2026-08-18,0.0
Total,2026-08-19,0.0
Total,2026-08-20,0.0
Total,2026-08-21,0.0
Total,2026-08-22,0.0
Total,2026-08-23,2.8499999046325684
Total,2026-08-24,1.2333333492279053
Total,2026-08-25,0.0
Total,2026-08-26,0.0
Total,2026-08-27,8.183333396911621
Total,2026-08-28,0.0
Total,2026-08-29,53.63333511352539
Total,2026-08-30,0.0
Total,2026-08-31,8.616666793823242
Total,2026-09-01,0.8500000238418579
Total,2026-09-02,39.36666488647461
Total,2026-09-03,0.0
Total,2026-09-04,0.0
Total,2026-09-05,26.386667251586918
Total,2026-09-06,91.94499969482422
Total,2026-09-07,0.0
Total,2026-09-08,0.0
Total,2026-09-09,9.0625
Total,2026-09-10,96.77381134033205
Total,2026-09-11,0.0
Total,2026-09-12,25.77666664123535
Total,2026-09-13,13.649999618530272
Total,2026-09-14,34.040740966796875
Total,2026-09-15,43.62083435058594
Total,2026-09-16,32.90312576293945
Total,2026-09-17,42.80277633666992
Total,2026-09-18,12.81666660308838
Total,2026-09-19,46.936668395996094
Total,2026-09-20,9.899019241333008
Total,2026-09-21,46.8601188659668
Total,2026-09-22,20.106250762939453
Total,2026-09-23,10.706666946411133
Total,2026-09-24,1.6954545974731443
Total,2026-09-25,5.724242210388184
Total,2026-09-26,11.368518829345703
Total,2026-09-27,1.2308332920074463
Total,2026-09-28,1.5258333683013916
Total,2026-09-29,1.149999976158142
Total,2026-09-30,0.4250000119209289
Total,2026-10-01,51.46666717529297
Total,2026-10-02,0.3083333373069763
Total,2026-10-03,27.558332443237305
Total,2026-10-04,0.5666666626930237
Total,2026-10-05,0.2166666686534881
Total,2026-10-06,10.083333015441896
