breakdown,date,average_playtime
Total,2026-08-12,0.0
Total,2026-08-13,0.0
Total,2026-08-14,0.0
Total,2026-08-15,0.0
Total,2026-08-16,0.0
Total,2026-08-17,0.0
Total,2026-08-18,0.0
Total,2026-08-19,0.0
Total,2026-08-20,0.0
Total,2026-08-21,0.0
Total,2026-08-22,0.0
Total,2026-08-23,2.8499999046325684
Total,2026-08-24,3.0833332538604736
Total,2026-08-25,24.89166641235352
Total,2026-08-26,0.0
Total,2026-08-27,8.183333396911621
Total,2026-08-28,0.0
Total,2026-08-29,42.75833511352539
Total,2026-08-30,1.2333333492279053
Total,2026-08-31,12.791666984558104
Total,2026-09-01,12.708333015441896
Total,2026-09-02,96.0749969482422
Total,2026-09-03,266.1833190917969
Total,2026-09-04,181.74166870117188
Total,2026-09-05,108.75
Total,2026-09-06,262.1939392089844
Total,2026-09-07,347.75555419921875
Total,2026-09-08,177.52499389648438
Total,2026-09-09,299.3523864746094
Total,2026-09-10,208.3249969482422
Total,2026-09-11,271.6916809082031
Total,2026-09-12,171.3222198486328
Total,2026-09-13,61.63843536376953
Total,2026-09-14,116.11463165283205
Total,2026-09-15,127.50682067871094
Total,2026-09-16,187.95591735839844
Total,2026-09-17,228.3469696044922
Total,2026-09-18,124.88508605957033
Total,2026-09-19,209.70150756835935
Total,2026-09-20,21.91031837463379
Total,2026-09-21,80.88148498535156
Total,2026-09-22,138.1986083984375
Total,2026-09-23,43.776668548583984
Total,2026-09-24,6.553571224212647
Total,2026-09-25,8.5460786819458
Total,2026-09-26,16.875925064086914
Total,2026-09-27,2.273484945297241
Total,2026-09-28,1.5606060028076172
Total,2026-09-29,0.9916666746139526
Total,2026-09-30,5.316666603088379
Total,2026-10-01,51.627777099609375
Total,2026-10-02,1.6333333253860474
Total,2026-10-03,14.395833015441896
Total,2026-10-04,4.183333396911621
Total,2026-10-05,1.6416666507720947
Total,2026-10-06,10.083333015441896
