date,average_playtime,average_session_time,daily_active_users,day_7_retention,playtime
2026-08-12,0.0,0.0,0,0.0,0.0
2026-08-13,0.0,0.0,0,0.0,0.0
2026-08-14,0.0,0.0,0,0.0,0.0
2026-08-15,0.0,0.0,0,0.0,0.0
2026-08-16,0.0,0.0,0,0.0,0.0
2026-08-17,0.0,0.0,0,0.0,0.0
2026-08-18,0.0,0.0,0,0.0,0.0
2026-08-19,0.0,0.0,0,0.0,0.0
2026-08-20,0.0,0.0,0,0.0,0.0
2026-08-21,0.0,0.0,0,0.0,0.0
2026-08-22,0.0,0.0,0,0.0,0.0
2026-08-23,2.8499999046325684,2.8499999046325684,0,0.0,0.0474999994039535
2026-08-24,3.0833332538604736,1.2333333492279053,1,0.0,0.1027777791023254
2026-08-25,24.89166641235352,0.0,2,0.0,0.8297222256660461
2026-08-26,0.0,0.0,0,0.0,0.0
2026-08-27,8.183333396911621,8.183333396911621,0,0.0,0.1363888829946518
2026-08-28,0.0,0.0,0,0.0,0.0
2026-08-29,42.75833511352539,53.63333511352539,1,0.0,1.425277829170227
2026-08-30,1.2333333492279053,0.0,1,0.0,0.020555555820465
2026-08-31,12.791666984558104,8.616666793823242,1,1.0,0.4263888895511627
2026-09-01,12.708333015441896,0.8500000238418579,1,0.0,0.4236111044883728
2026-09-02,96.0749969482422,39.36666488647461,2,0.0,6.40500020980835
2026-09-03,266.1833190917969,0.0,2,0.0,8.872777938842773
2026-09-04,181.74166870117188,0.0,2,0.0,6.058055400848389
2026-09-05,108.75,26.386667251586918,2,0.5,7.25
2026-09-06,262.1939392089844,91.94499969482422,7,0.25,48.06888961791992
2026-09-07,347.75555419921875,0.0,9,0.0,52.163333892822266
2026-09-08,177.52499389648438,0.0,6,0.0,17.752500534057617
2026-09-09,299.3523864746094,9.0625,5,0.0,34.92444610595703
2026-09-10,208.3249969482422,96.77381134033205,7,0.2000000029802322,41.665000915527344
2026-09-11,271.6916809082031,0.0,8,0.0,36.22555541992188
2026-09-12,171.3222198486328,25.77666664123535,7,0.0,34.26444625854492
2026-09-13,61.63843536376953,13.649999618530272,11,0.0,50.33805465698242
2026-09-14,116.11463165283205,34.040740966796875,9,0.0,79.34500122070312
2026-09-15,127.50682067871094,43.62083435058594,9,0.0285714268684387,93.50499725341795
2026-09-16,187.95591735839844,32.90312576293945,18,0.0,97.11055755615234
2026-09-17,228.3469696044922,42.80277633666992,13,0.0,83.72721862792969
2026-09-18,124.88508605957033,12.81666660308838,11,0.0,39.54694366455078
2026-09-19,209.70150756835935,46.936668395996094,8,0.0,38.44527816772461
2026-09-20,21.91031837463379,9.899019241333008,6,0.0666666626930236,7.6686110496521
2026-09-21,80.88148498535156,46.8601188659668,4,0.0,24.26444435119629
2026-09-22,138.1986083984375,20.106250762939453,6,0.0,27.63972282409668
2026-09-23,43.776668548583984,10.706666946411133,6,0.0,14.592222213745115
2026-09-24,6.553571224212647,1.6954545974731443,3,0.0,1.5291666984558103
2026-09-25,8.5460786819458,5.724242210388184,6,0.0,2.421388864517212
2026-09-26,16.875925064086914,11.368518829345703,2,0.0,2.531388998031616
2026-09-27,2.273484945297241,1.2308332920074463,3,0.0,0.8336111307144165
2026-09-28,1.5606060028076172,1.5258333683013916,3,0.0,0.5722222328186035
2026-09-29,0.9916666746139526,1.149999976158142,1,0.0,0.066111110150814
2026-09-30,5.316666603088379,0.4250000119209289,1,0.0,0.2658333480358124
2026-10-01,51.627777099609375,51.46666717529297,1,0.0,2.5813889503479004
2026-10-02,1.6333333253860474,0.3083333373069763,3,0.0,0.1361111104488372
2026-10-03,14.395833015441896,27.558332443237305,2,0.0,0.9597222208976746
2026-10-04,4.183333396911621,0.5666666626930237,2,0.0,0.2788888812065124
2026-10-05,1.6416666507720947,0.2166666686534881,1,0.0,0.0547222234308719
2026-10-06,10.083333015441896,10.083333015441896,0,0.0,0.1680555492639541
