breakdown,date,daily_active_users
Total,2026-08-12,0
Total,2026-08-13,0
Total,2026-08-14,0
Total,2026-08-15,0
Total,2026-08-16,0
Total,2026-08-17,0
Total,2026-08-18,0
Total,2026-08-19,0
Total,2026-08-20,0
Total,2026-08-21,0
Total,2026-08-22,0
Total,2026-08-23,0
Total,2026-08-24,1
Total,2026-08-25,2
Total,2026-08-26,0
Total,2026-08-27,0
Total,2026-08-28,0
Total,2026-08-29,1
Total,2026-08-30,1
Total,2026-08-31,1
Total,2026-09-01,1
Total,2026-09-02,2
Total,2026-09-03,2
Total,2026-09-04,2
Total,2026-09-05,2
Total,2026-09-06,7
Total,2026-09-07,9
Total,2026-09-08,6
Total,2026-09-09,5
Total,2026-09-10,7
Total,2026-09-11,8
Total,2026-09-12,7
Total,2026-09-13,11
Total,2026-09-14,9
Total,2026-09-15,9
Total,2026-09-16,18
Total,2026-09-17,13
Total,2026-09-18,11
Total,2026-09-19,8
Total,2026-09-20,6
Total,2026-09-21,4
Total,2026-09-22,6
Total,2026-09-23,6
Total,2026-09-24,3
Total,2026-09-25,6
Total,2026-09-26,2
Total,2026-09-27,3
Total,2026-09-28,3
Total,2026-09-29,1
Total,2026-09-30,1
Total,2026-10-01,1
Total,2026-10-02,3
Total,2026-10-03,2
Total,2026-10-04,2
Total,2026-10-05,1
Total,2026-10-06,0
