seconds_since_start,new_user_first_session_retention
0,1.0
30,0.8754208754208754
60,0.6666666666666666
90,0.6094276094276094
120,0.5622895622895623
150,0.5252525252525253
180,0.4612794612794613
210,0.4309764309764309
240,0.4107744107744108
270,0.404040404040404
300,0.3939393939393939
330,0.3771043771043771
360,0.3703703703703703
390,0.3703703703703703
420,0.3535353535353535
450,0.3367003367003367
480,0.3333333333333333
510,0.3232323232323232
540,0.3097643097643097
570,0.2996632996632997
600,0.2962962962962963
630,0.2929292929292929
660,0.2929292929292929
690,0.2895622895622896
720,0.2861952861952861
750,0.2828282828282828
780,0.2727272727272727
810,0.265993265993266
840,0.265993265993266
870,0.265993265993266
900,0.2626262626262626
930,0.2592592592592592
960,0.2592592592592592
990,0.2558922558922559
1020,0.2491582491582491
1050,0.2457912457912457
1080,0.2424242424242424
1110,0.2424242424242424
1140,0.239057239057239
1170,0.2356902356902357
1200,0.2356902356902357
1230,0.2356902356902357
1260,0.2289562289562289
1290,0.2255892255892256
1320,0.2255892255892256
1350,0.2255892255892256
1380,0.2255892255892256
1410,0.2255892255892256
1440,0.2255892255892256
1470,0.2255892255892256
1500,0.2222222222222222
1530,0.2188552188552188
1560,0.2188552188552188
1590,0.2188552188552188
1620,0.2188552188552188
1650,0.2188552188552188
1680,0.2188552188552188
1710,0.2188552188552188
1740,0.2154882154882154
1770,0.2154882154882154
1800,0.2154882154882154
