revenue_source,date,revenue
Total,2026-08-12,0
Passes,2026-08-12,0
Developer Products,2026-08-12,0
Total,2026-08-13,0
Passes,2026-08-13,0
Developer Products,2026-08-13,0
Total,2026-08-14,0
Passes,2026-08-14,0
Developer Products,2026-08-14,0
Total,2026-08-15,0
Passes,2026-08-15,0
Developer Products,2026-08-15,0
Passes,2026-08-16,0
Developer Products,2026-08-16,0
Total,2026-08-16,0
Developer Products,2026-08-17,0
Total,2026-08-17,0
Passes,2026-08-17,0
Developer Products,2026-08-18,0
Total,2026-08-18,0
Passes,2026-08-18,0
Developer Products,2026-08-19,0
Passes,2026-08-19,0
Total,2026-08-19,0
Passes,2026-08-20,0
Developer Products,2026-08-20,0
Total,2026-08-20,0
Passes,2026-08-21,0
Developer Products,2026-08-21,0
Total,2026-08-21,0
Passes,2026-08-22,0
Developer Products,2026-08-22,0
Total,2026-08-22,0
Developer Products,2026-08-23,0
Total,2026-08-23,0
Passes,2026-08-23,0
Total,2026-08-24,0
Passes,2026-08-24,0
Developer Products,2026-08-24,0
Total,2026-08-25,0
Passes,2026-08-25,0
Developer Products,2026-08-25,0
Passes,2026-08-26,0
Developer Products,2026-08-26,0
Total,2026-08-26,0
Developer Products,2026-08-27,0
Total,2026-08-27,0
Passes,2026-08-27,0
Developer Products,2026-08-28,0
Total,2026-08-28,0
Passes,2026-08-28,0
Developer Products,2026-08-29,0
Total,2026-08-29,0
Passes,2026-08-29,0
Passes,2026-08-30,0
Developer Products,2026-08-30,0
Total,2026-08-30,0
Total,2026-08-31,0
Developer Products,2026-08-31,0
Passes,2026-08-31,0
Passes,2026-09-01,0
Developer Products,2026-09-01,0
Total,2026-09-01,0
Passes,2026-09-02,0
Developer Products,2026-09-02,7
Total,2026-09-02,7
Passes,2026-09-03,0
Total,2026-09-03,0
Developer Products,2026-09-03,0
Total,2026-09-04,56
Developer Products,2026-09-04,56
Passes,2026-09-04,0
Total,2026-09-05,7
Developer Products,2026-09-05,7
Passes,2026-09-05,0
Total,2026-09-06,385
Developer Products,2026-09-06,350
Passes,2026-09-06,35
Total,2026-09-07,0
Developer Products,2026-09-07,0
Passes,2026-09-07,0
Developer Products,2026-09-08,0
Passes,2026-09-08,0
Total,2026-09-08,0
Passes,2026-09-09,0
Developer Products,2026-09-09,0
Total,2026-09-09,0
Passes,2026-09-10,0
Developer Products,2026-09-10,14
Total,2026-09-10,14
Passes,2026-09-11,0
Developer Products,2026-09-11,0
Total,2026-09-11,0
Total,2026-09-12,0
Passes,2026-09-12,0
Developer Products,2026-09-12,0
Passes,2026-09-13,0
Developer Products,2026-09-13,91
Total,2026-09-13,91
Developer Products,2026-09-14,119
Total,2026-09-14,363
Passes,2026-09-14,244
Passes,2026-09-15,1430
Developer Products,2026-09-15,56
Total,2026-09-15,1486
Passes,2026-09-16,279
Total,2026-09-16,727
Developer Products,2026-09-16,448
Total,2026-09-17,0
Passes,2026-09-17,0
Developer Products,2026-09-17,0
Total,2026-09-18,0
Developer Products,2026-09-18,0
Passes,2026-09-18,0
Passes,2026-09-19,0
Total,2026-09-19,0
Developer Products,2026-09-19,0
Developer Products,2026-09-20,0
Total,2026-09-20,0
Passes,2026-09-20,0
Total,2026-09-21,0
Passes,2026-09-21,0
Developer Products,2026-09-21,0
Developer Products,2026-09-22,0
Passes,2026-09-22,0
Total,2026-09-22,0
Passes,2026-09-23,0
Total,2026-09-23,0
Developer Products,2026-09-23,0
Total,2026-09-24,0
Passes,2026-09-24,0
Developer Products,2026-09-24,0
Developer Products,2026-09-25,0
Total,2026-09-25,0
Passes,2026-09-25,0
Total,2026-09-26,0
Developer Products,2026-09-26,0
Passes,2026-09-26,0
Total,2026-09-27,0
Developer Products,2026-09-27,0
Passes,2026-09-27,0
Total,2026-09-28,0
Developer Products,2026-09-28,0
Passes,2026-09-28,0
Developer Products,2026-09-29,0
Total,2026-09-29,0
Passes,2026-09-29,0
Passes,2026-09-30,0
Developer Products,2026-09-30,0
Total,2026-09-30,0
Passes,2026-10-01,0
Developer Products,2026-10-01,0
Total,2026-10-01,0
Passes,2026-10-02,0
Developer Products,2026-10-02,0
Total,2026-10-02,0
Developer Products,2026-10-03,0
Total,2026-10-03,0
Passes,2026-10-03,0
Developer Products,2026-10-04,0
Total,2026-10-04,0
Passes,2026-10-04,0
Developer Products,2026-10-05,0
Total,2026-10-05,0
Passes,2026-10-05,0
Passes,2026-10-06,0
Total,2026-10-06,0
Developer Products,2026-10-06,0
