date,developer_products,passes,total
2026-08-12,0,0,0
2026-08-13,0,0,0
2026-08-14,0,0,0
2026-08-15,0,0,0
2026-08-16,0,0,0
2026-08-17,0,0,0
2026-08-18,0,0,0
2026-08-19,0,0,0
2026-08-20,0,0,0
2026-08-21,0,0,0
2026-08-22,0,0,0
2026-08-23,0,0,0
2026-08-24,0,0,0
2026-08-25,0,0,0
2026-08-26,0,0,0
2026-08-27,0,0,0
2026-08-28,0,0,0
2026-08-29,0,0,0
2026-08-30,0,0,0
2026-08-31,0,0,0
2026-09-01,0,0,0
2026-09-02,7,0,7
2026-09-03,0,0,0
2026-09-04,56,0,56
2026-09-05,7,0,7
2026-09-06,350,35,385
2026-09-07,0,0,0
2026-09-08,0,0,0
2026-09-09,0,0,0
2026-09-10,14,0,14
2026-09-11,0,0,0
2026-09-12,0,0,0
2026-09-13,91,0,91
2026-09-14,119,244,363
2026-09-15,56,1430,1486
2026-09-16,448,279,727
2026-09-17,0,0,0
2026-09-18,0,0,0
2026-09-19,0,0,0
2026-09-20,0,0,0
2026-09-21,0,0,0
2026-09-22,0,0,0
2026-09-23,0,0,0
2026-09-24,0,0,0
2026-09-25,0,0,0
2026-09-26,0,0,0
2026-09-27,0,0,0
2026-09-28,0,0,0
2026-09-29,0,0,0
2026-09-30,0,0,0
2026-10-01,0,0,0
2026-10-02,0,0,0
2026-10-03,0,0,0
2026-10-04,0,0,0
2026-10-05,0,0,0
2026-10-06,0,0,0
