breakdown,date,playtime
Total,2026-08-12,0.0
Total,2026-08-13,0.0
Total,2026-08-14,0.0
Total,2026-08-15,0.0
Total,2026-08-16,0.0
Total,2026-08-17,0.0
Total,2026-08-18,0.0
Total,2026-08-19,0.0
Total,2026-08-20,0.0
Total,2026-08-21,0.0
Total,2026-08-22,0.0
Total,2026-08-23,0.0474999994039535
Total,2026-08-24,0.1027777791023254
Total,2026-08-25,0.8297222256660461
Total,2026-08-26,0.0
Total,2026-08-27,0.1363888829946518
Total,2026-08-28,0.0
Total,2026-08-29,1.425277829170227
Total,2026-08-30,0.020555555820465
Total,2026-08-31,0.4263888895511627
Total,2026-09-01,0.4236111044883728
Total,2026-09-02,6.40500020980835
Total,2026-09-03,8.872777938842773
Total,2026-09-04,6.058055400848389
Total,2026-09-05,7.25
Total,2026-09-06,48.06888961791992
Total,2026-09-07,52.163333892822266
Total,2026-09-08,17.752500534057617
Total,2026-09-09,34.92444610595703
Total,2026-09-10,41.665000915527344
Total,2026-09-11,36.22555541992188
Total,2026-09-12,34.26444625854492
Total,2026-09-13,50.33805465698242
Total,2026-09-14,79.34500122070312
Total,2026-09-15,93.50499725341795
Total,2026-09-16,97.11055755615234
Total,2026-09-17,83.72721862792969
Total,2026-09-18,39.54694366455078
Total,2026-09-19,38.44527816772461
Total,2026-09-20,7.6686110496521
Total,2026-09-21,24.26444435119629
Total,2026-09-22,27.63972282409668
Total,2026-09-23,14.592222213745115
Total,2026-09-24,1.5291666984558103
Total,2026-09-25,2.421388864517212
Total,2026-09-26,2.531388998031616
Total,2026-09-27,0.8336111307144165
Total,2026-09-28,0.5722222328186035
Total,2026-09-29,0.066111110150814
Total,2026-09-30,0.2658333480358124
Total,2026-10-01,2.5813889503479004
Total,2026-10-02,0.1361111104488372
Total,2026-10-03,0.9597222208976746
Total,2026-10-04,0.2788888812065124
Total,2026-10-05,0.0547222234308719
Total,2026-10-06,0.1680555492639541
