date,friends,home_recommendation,other,search,sponsored_ads,total
2026-08-13,0,0,0,0,0,0
2026-08-14,0,0,0,0,0,0
2026-08-15,0,0,0,0,0,0
2026-08-16,0,0,0,0,0,0
2026-08-17,0,0,0,0,0,0
2026-08-18,0,0,0,0,0,0
2026-08-19,0,0,0,0,0,0
2026-08-20,0,0,0,0,0,0
2026-08-21,0,0,0,0,0,0
2026-08-22,0,0,0,0,0,0
2026-08-23,0,0,1,0,0,1
2026-08-24,0,0,1,0,0,1
2026-08-25,0,0,0,0,0,0
2026-08-26,0,0,0,0,0,0
2026-08-27,0,0,1,0,0,1
2026-08-28,0,0,0,0,0,0
2026-08-29,0,0,1,0,0,1
2026-08-30,0,0,0,0,0,0
2026-08-31,0,0,1,0,0,1
2026-09-01,0,0,1,0,0,1
2026-09-02,0,0,2,0,0,2
2026-09-03,0,0,0,0,0,0
2026-09-04,0,0,0,0,0,0
2026-09-05,1,0,1,0,0,2
2026-09-06,0,0,4,0,0,4
2026-09-07,0,0,0,0,0,0
2026-09-08,0,0,0,0,0,0
2026-09-09,0,0,2,0,0,2
2026-09-10,0,0,5,0,0,5
2026-09-11,0,0,0,0,0,0
2026-09-12,2,0,2,1,0,5
2026-09-13,1,0,3,3,31,38
2026-09-14,2,0,3,4,22,31
2026-09-15,3,0,5,1,25,34
2026-09-16,2,0,4,5,2,13
2026-09-17,1,0,4,4,0,9
2026-09-18,0,0,5,3,0,8
2026-09-19,0,2,0,0,0,2
2026-09-20,0,7,5,3,0,15
2026-09-21,0,2,7,5,0,14
2026-09-22,0,0,4,2,0,6
2026-09-23,0,2,9,3,0,14
2026-09-24,1,0,10,0,0,11
2026-09-25,0,6,4,1,0,11
2026-09-26,0,0,6,1,0,7
2026-09-27,1,0,17,1,0,19
2026-09-28,0,0,19,0,0,19
2026-09-29,0,0,3,0,0,3
2026-09-30,0,0,2,0,0,2
2026-10-01,0,0,1,1,0,2
2026-10-02,0,0,2,0,0,2
2026-10-03,0,0,1,1,0,2
2026-10-04,0,0,2,0,0,2
2026-10-05,0,0,0,1,0,1
2026-10-06,0,0,0,1,0,1
2026-10-07,0,0,2,0,0,2
