source,date,unique_users_with_plays
Total,2026-08-13,0
Home Recommendation,2026-08-13,0
Friends,2026-08-13,0
Sponsored Ads,2026-08-13,0
Other,2026-08-13,0
Search,2026-08-13,0
Total,2026-08-14,0
Sponsored Ads,2026-08-14,0
Home Recommendation,2026-08-14,0
Search,2026-08-14,0
Other,2026-08-14,0
Friends,2026-08-14,0
Other,2026-08-15,0
Friends,2026-08-15,0
Sponsored Ads,2026-08-15,0
Home Recommendation,2026-08-15,0
Total,2026-08-15,0
Search,2026-08-15,0
Friends,2026-08-16,0
Total,2026-08-16,0
Home Recommendation,2026-08-16,0
Search,2026-08-16,0
Other,2026-08-16,0
Sponsored Ads,2026-08-16,0
Total,2026-08-17,0
Other,2026-08-17,0
Home Recommendation,2026-08-17,0
Friends,2026-08-17,0
Sponsored Ads,2026-08-17,0
Search,2026-08-17,0
Search,2026-08-18,0
Other,2026-08-18,0
Home Recommendation,2026-08-18,0
Friends,2026-08-18,0
Sponsored Ads,2026-08-18,0
Total,2026-08-18,0
Friends,2026-08-19,0
Total,2026-08-19,0
Other,2026-08-19,0
Home Recommendation,2026-08-19,0
Search,2026-08-19,0
Sponsored Ads,2026-08-19,0
Total,2026-08-20,0
Search,2026-08-20,0
Other,2026-08-20,0
Sponsored Ads,2026-08-20,0
Home Recommendation,2026-08-20,0
Friends,2026-08-20,0
Friends,2026-08-21,0
Other,2026-08-21,0
Search,2026-08-21,0
Home Recommendation,2026-08-21,0
Total,2026-08-21,0
Sponsored Ads,2026-08-21,0
Search,2026-08-22,0
Home Recommendation,2026-08-22,0
Friends,2026-08-22,0
Total,2026-08-22,0
Sponsored Ads,2026-08-22,0
Other,2026-08-22,0
Other,2026-08-23,1
Friends,2026-08-23,0
Total,2026-08-23,1
Sponsored Ads,2026-08-23,0
Search,2026-08-23,0
Home Recommendation,2026-08-23,0
Other,2026-08-24,1
Search,2026-08-24,0
Total,2026-08-24,1
Home Recommendation,2026-08-24,0
Sponsored Ads,2026-08-24,0
Friends,2026-08-24,0
Total,2026-08-25,0
Home Recommendation,2026-08-25,0
Friends,2026-08-25,0
Search,2026-08-25,0
Sponsored Ads,2026-08-25,0
Other,2026-08-25,0
Friends,2026-08-26,0
Sponsored Ads,2026-08-26,0
Search,2026-08-26,0
Other,2026-08-26,0
Total,2026-08-26,0
Home Recommendation,2026-08-26,0
Friends,2026-08-27,0
Other,2026-08-27,1
Home Recommendation,2026-08-27,0
Search,2026-08-27,0
Total,2026-08-27,1
Sponsored Ads,2026-08-27,0
Search,2026-08-28,0
Home Recommendation,2026-08-28,0
Sponsored Ads,2026-08-28,0
Total,2026-08-28,0
Other,2026-08-28,0
Friends,2026-08-28,0
Search,2026-08-29,0
Sponsored Ads,2026-08-29,0
Friends,2026-08-29,0
Home Recommendation,2026-08-29,0
Total,2026-08-29,1
Other,2026-08-29,1
Search,2026-08-30,0
Friends,2026-08-30,0
Home Recommendation,2026-08-30,0
Total,2026-08-30,0
Other,2026-08-30,0
Sponsored Ads,2026-08-30,0
Sponsored Ads,2026-08-31,0
Total,2026-08-31,1
Home Recommendation,2026-08-31,0
Other,2026-08-31,1
Search,2026-08-31,0
Friends,2026-08-31,0
Search,2026-09-01,0
Total,2026-09-01,1
Home Recommendation,2026-09-01,0
Other,2026-09-01,1
Friends,2026-09-01,0
Sponsored Ads,2026-09-01,0
Other,2026-09-02,2
Friends,2026-09-02,0
Home Recommendation,2026-09-02,0
Search,2026-09-02,0
Total,2026-09-02,2
Sponsored Ads,2026-09-02,0
Friends,2026-09-03,0
Other,2026-09-03,0
Search,2026-09-03,0
Home Recommendation,2026-09-03,0
Total,2026-09-03,0
Sponsored Ads,2026-09-03,0
Sponsored Ads,2026-09-04,0
Total,2026-09-04,0
Search,2026-09-04,0
Home Recommendation,2026-09-04,0
Friends,2026-09-04,0
Other,2026-09-04,0
Sponsored Ads,2026-09-05,0
Search,2026-09-05,0
Home Recommendation,2026-09-05,0
Total,2026-09-05,2
Friends,2026-09-05,1
Other,2026-09-05,1
Home Recommendation,2026-09-06,0
Friends,2026-09-06,0
Other,2026-09-06,4
Total,2026-09-06,4
Search,2026-09-06,0
Sponsored Ads,2026-09-06,0
Friends,2026-09-07,0
Other,2026-09-07,0
Total,2026-09-07,0
Search,2026-09-07,0
Home Recommendation,2026-09-07,0
Sponsored Ads,2026-09-07,0
Friends,2026-09-08,0
Total,2026-09-08,0
Sponsored Ads,2026-09-08,0
Other,2026-09-08,0
Home Recommendation,2026-09-08,0
Search,2026-09-08,0
Friends,2026-09-09,0
Total,2026-09-09,2
Search,2026-09-09,0
Sponsored Ads,2026-09-09,0
Other,2026-09-09,2
Home Recommendation,2026-09-09,0
Other,2026-09-10,5
Search,2026-09-10,0
Sponsored Ads,2026-09-10,0
Friends,2026-09-10,0
Total,2026-09-10,5
Home Recommendation,2026-09-10,0
Home Recommendation,2026-09-11,0
Total,2026-09-11,0
Other,2026-09-11,0
Sponsored Ads,2026-09-11,0
Search,2026-09-11,0
Friends,2026-09-11,0
Sponsored Ads,2026-09-12,0
Home Recommendation,2026-09-12,0
Other,2026-09-12,2
Total,2026-09-12,5
Friends,2026-09-12,2
Search,2026-09-12,1
Total,2026-09-13,38
Search,2026-09-13,3
Friends,2026-09-13,1
Other,2026-09-13,3
Sponsored Ads,2026-09-13,31
Home Recommendation,2026-09-13,0
Total,2026-09-14,31
Search,2026-09-14,4
Other,2026-09-14,3
Sponsored Ads,2026-09-14,22
Friends,2026-09-14,2
Home Recommendation,2026-09-14,0
Other,2026-09-15,5
Total,2026-09-15,34
Sponsored Ads,2026-09-15,25
Search,2026-09-15,1
Friends,2026-09-15,3
Home Recommendation,2026-09-15,0
Other,2026-09-16,4
Total,2026-09-16,13
Home Recommendation,2026-09-16,0
Sponsored Ads,2026-09-16,2
Search,2026-09-16,5
Friends,2026-09-16,2
Total,2026-09-17,9
Other,2026-09-17,4
Sponsored Ads,2026-09-17,0
Friends,2026-09-17,1
Search,2026-09-17,4
Home Recommendation,2026-09-17,0
Sponsored Ads,2026-09-18,0
Friends,2026-09-18,0
Search,2026-09-18,3
Total,2026-09-18,8
Home Recommendation,2026-09-18,0
Other,2026-09-18,5
Other,2026-09-19,0
Sponsored Ads,2026-09-19,0
Friends,2026-09-19,0
Search,2026-09-19,0
Home Recommendation,2026-09-19,2
Total,2026-09-19,2
Sponsored Ads,2026-09-20,0
Search,2026-09-20,3
Home Recommendation,2026-09-20,7
Friends,2026-09-20,0
Other,2026-09-20,5
Total,2026-09-20,15
Home Recommendation,2026-09-21,2
Search,2026-09-21,5
Sponsored Ads,2026-09-21,0
Friends,2026-09-21,0
Other,2026-09-21,7
Total,2026-09-21,14
Home Recommendation,2026-09-22,0
Search,2026-09-22,2
Other,2026-09-22,4
Sponsored Ads,2026-09-22,0
Total,2026-09-22,6
Friends,2026-09-22,0
Total,2026-09-23,14
Sponsored Ads,2026-09-23,0
Home Recommendation,2026-09-23,2
Friends,2026-09-23,0
Search,2026-09-23,3
Other,2026-09-23,9
Sponsored Ads,2026-09-24,0
Home Recommendation,2026-09-24,0
Search,2026-09-24,0
Friends,2026-09-24,1
Other,2026-09-24,10
Total,2026-09-24,11
Total,2026-09-25,11
Search,2026-09-25,1
Home Recommendation,2026-09-25,6
Other,2026-09-25,4
Friends,2026-09-25,0
Sponsored Ads,2026-09-25,0
Total,2026-09-26,7
Friends,2026-09-26,0
Search,2026-09-26,1
Other,2026-09-26,6
Sponsored Ads,2026-09-26,0
Home Recommendation,2026-09-26,0
Friends,2026-09-27,1
Home Recommendation,2026-09-27,0
Sponsored Ads,2026-09-27,0
Other,2026-09-27,17
Search,2026-09-27,1
Total,2026-09-27,19
Other,2026-09-28,19
Sponsored Ads,2026-09-28,0
Search,2026-09-28,0
Total,2026-09-28,19
Friends,2026-09-28,0
Home Recommendation,2026-09-28,0
Total,2026-09-29,3
Other,2026-09-29,3
Sponsored Ads,2026-09-29,0
Home Recommendation,2026-09-29,0
Friends,2026-09-29,0
Search,2026-09-29,0
Friends,2026-09-30,0
Total,2026-09-30,2
Sponsored Ads,2026-09-30,0
Search,2026-09-30,0
Home Recommendation,2026-09-30,0
Other,2026-09-30,2
Other,2026-10-01,1
Home Recommendation,2026-10-01,0
Friends,2026-10-01,0
Sponsored Ads,2026-10-01,0
Search,2026-10-01,1
Total,2026-10-01,2
Sponsored Ads,2026-10-02,0
Total,2026-10-02,2
Other,2026-10-02,2
Friends,2026-10-02,0
Home Recommendation,2026-10-02,0
Search,2026-10-02,0
Other,2026-10-03,1
Total,2026-10-03,2
Friends,2026-10-03,0
Home Recommendation,2026-10-03,0
Search,2026-10-03,1
Sponsored Ads,2026-10-03,0
Total,2026-10-04,2
Home Recommendation,2026-10-04,0
Search,2026-10-04,0
Friends,2026-10-04,0
Sponsored Ads,2026-10-04,0
Other,2026-10-04,2
Home Recommendation,2026-10-05,0
Search,2026-10-05,1
Other,2026-10-05,0
Total,2026-10-05,1
Friends,2026-10-05,0
Sponsored Ads,2026-10-05,0
Home Recommendation,2026-10-06,0
Search,2026-10-06,1
Other,2026-10-06,0
Total,2026-10-06,1
Friends,2026-10-06,0
Sponsored Ads,2026-10-06,0
Search,2026-10-07,0
Friends,2026-10-07,0
Home Recommendation,2026-10-07,0
Total,2026-10-07,2
Sponsored Ads,2026-10-07,0
Other,2026-10-07,2
