source,users_with_plays,conversion_rate,d7_retention*,7d_playtime_per_user_(cumulative)*,30d_payer_conversion_(cumulative)*,30d_revenue_per_user_(cumulative)*
Total,294,0.0037897224538028,0.025000000372529,128.92074584960938,0.2857142984867096,37.0
Home Recommendation,19,0.0169340465217828,0.0,25.04298210144043,0.0,0.0
Search,41,0.0021776219364255,0.0,278.7743225097656,0.0,0.0
Friends,14,0.1196581199765205,0.0714285746216774,114.76547241210938,0.0,0.0
Teleport,0,0.0,0.0,0.0,0.0,0.0
Sponsored Ads,80,0.0,0.0,78.04875183105469,0.0,0.0
Portal Ads,0,0.0,0.0,0.0,0.0,0.0
Continue Play,0,0.0,0.0,0.0,0.0,0.0
Featured by Roblox,0,0.0,0.0,0.0,0.0,0.0
Charts,0,0.0,0.0,0.0,0.0,0.0
Search Ads,0,0.0,0.0,0.0,0.0,0.0
Moments,0,0.0,0.0,0.0,0.0,0.0
Other,140,1.0,0.0461538471281528,134.20126342773438,0.3076923191547394,39.846153259277344
