Breakdown,Date,Playtime
Total,2026-08-12T00:00:00.000Z,0
Total,2026-08-13T00:00:00.000Z,0
Total,2026-08-14T00:00:00.000Z,0
Total,2026-08-15T00:00:00.000Z,0
Total,2026-08-16T00:00:00.000Z,0
Total,2026-08-17T00:00:00.000Z,0
Total,2026-08-18T00:00:00.000Z,0
Total,2026-08-19T00:00:00.000Z,0
Total,2026-08-20T00:00:00.000Z,0
Total,2026-08-21T00:00:00.000Z,0
Total,2026-08-22T00:00:00.000Z,0
Total,2026-08-23T00:00:00.000Z,0.04749999940395355
Total,2026-08-24T00:00:00.000Z,0.10277777910232544
Total,2026-08-25T00:00:00.000Z,0.8297222256660461
Total,2026-08-26T00:00:00.000Z,0
Total,2026-08-27T00:00:00.000Z,0.1363888829946518
Total,2026-08-28T00:00:00.000Z,0
Total,2026-08-29T00:00:00.000Z,1.425277829170227
Total,2026-08-30T00:00:00.000Z,0.020555555820465088
Total,2026-08-31T00:00:00.000Z,0.4263888895511627
Total,2026-09-01T00:00:00.000Z,0.4236111044883728
Total,2026-09-02T00:00:00.000Z,6.40500020980835
Total,2026-09-03T00:00:00.000Z,8.872777938842773
Total,2026-09-04T00:00:00.000Z,6.058055400848389
Total,2026-09-05T00:00:00.000Z,7.25
Total,2026-09-06T00:00:00.000Z,48.06888961791992
Total,2026-09-07T00:00:00.000Z,52.163333892822266
Total,2026-09-08T00:00:00.000Z,17.752500534057617
Total,2026-09-09T00:00:00.000Z,34.92444610595703
Total,2026-09-10T00:00:00.000Z,41.665000915527344
Total,2026-09-11T00:00:00.000Z,36.225555419921875
Total,2026-09-12T00:00:00.000Z,34.26444625854492
Total,2026-09-13T00:00:00.000Z,50.33805465698242
Total,2026-09-14T00:00:00.000Z,79.34500122070312
Total,2026-09-15T00:00:00.000Z,93.50499725341797
Total,2026-09-16T00:00:00.000Z,97.11055755615234
Total,2026-09-17T00:00:00.000Z,83.72721862792969
Total,2026-09-18T00:00:00.000Z,39.54694366455078
Total,2026-09-19T00:00:00.000Z,38.44527816772461
Total,2026-09-20T00:00:00.000Z,7.6686110496521
Total,2026-09-21T00:00:00.000Z,24.26444435119629
Total,2026-09-22T00:00:00.000Z,27.63972282409668
Total,2026-09-23T00:00:00.000Z,14.592222213745117
Total,2026-09-24T00:00:00.000Z,1.5291666984558105
Total,2026-09-25T00:00:00.000Z,2.421388864517212
Total,2026-09-26T00:00:00.000Z,2.531388998031616
Total,2026-09-27T00:00:00.000Z,0.8336111307144165
Total,2026-09-28T00:00:00.000Z,0.5722222328186035
Total,2026-09-29T00:00:00.000Z,0.06611111015081406
Total,2026-09-30T00:00:00.000Z,0.2658333480358124
Total,2026-10-01T00:00:00.000Z,2.5813889503479004
Total,2026-10-02T00:00:00.000Z,0.13611111044883728
Total,2026-10-03T00:00:00.000Z,0.9597222208976746
Total,2026-10-04T00:00:00.000Z,0.27888888120651245
Total,2026-10-05T00:00:00.000Z,0.054722223430871964
Total,2026-10-06T00:00:00.000Z,0.16805554926395416
"Benchmark (Top 10,000 experience)",2026-08-12T00:00:00.000Z,1033.0825
"Benchmark (Top 10,000 experience)",2026-08-13T00:00:00.000Z,1031.9925
"Benchmark (Top 10,000 experience)",2026-08-14T00:00:00.000Z,1035.7852777777778
"Benchmark (Top 10,000 experience)",2026-08-15T00:00:00.000Z,1116.7119444444445
"Benchmark (Top 10,000 experience)",2026-08-16T00:00:00.000Z,1177.8819444444443
"Benchmark (Top 10,000 experience)",2026-08-17T00:00:00.000Z,1039.861111111111
"Benchmark (Top 10,000 experience)",2026-08-18T00:00:00.000Z,973.7438888888889
"Benchmark (Top 10,000 experience)",2026-08-19T00:00:00.000Z,937.0236111111111
"Benchmark (Top 10,000 experience)",2026-08-20T00:00:00.000Z,945.8241666666667
"Benchmark (Top 10,000 experience)",2026-08-21T00:00:00.000Z,976.5005555555556
"Benchmark (Top 10,000 experience)",2026-08-22T00:00:00.000Z,1188.9461111111111
"Benchmark (Top 10,000 experience)",2026-08-23T00:00:00.000Z,1164.046111111111
"Benchmark (Top 10,000 experience)",2026-08-24T00:00:00.000Z,959.7013888888889
"Benchmark (Top 10,000 experience)",2026-08-25T00:00:00.000Z,990.3383333333334
"Benchmark (Top 10,000 experience)",2026-08-26T00:00:00.000Z,971.9177777777778
"Benchmark (Top 10,000 experience)",2026-08-27T00:00:00.000Z,956.2972222222222
"Benchmark (Top 10,000 experience)",2026-08-28T00:00:00.000Z,1005.0902777777778
"Benchmark (Top 10,000 experience)",2026-08-29T00:00:00.000Z,1272.658888888889
"Benchmark (Top 10,000 experience)",2026-08-30T00:00:00.000Z,1291.296111111111
"Benchmark (Top 10,000 experience)",2026-08-31T00:00:00.000Z,999.9444444444445
"Benchmark (Top 10,000 experience)",2026-09-01T00:00:00.000Z,896.9958333333333
"Benchmark (Top 10,000 experience)",2026-09-02T00:00:00.000Z,883.6505555555556
"Benchmark (Top 10,000 experience)",2026-09-03T00:00:00.000Z,899.5261111111112
"Benchmark (Top 10,000 experience)",2026-09-04T00:00:00.000Z,1013.6041666666666
"Benchmark (Top 10,000 experience)",2026-09-05T00:00:00.000Z,1276.87
"Benchmark (Top 10,000 experience)",2026-09-06T00:00:00.000Z,1222.5938888888888
"Benchmark (Top 10,000 experience)",2026-09-07T00:00:00.000Z,1026.2497222222223
"Benchmark (Top 10,000 experience)",2026-09-08T00:00:00.000Z,881.5402777777778
"Benchmark (Top 10,000 experience)",2026-09-09T00:00:00.000Z,852.0980555555556
"Benchmark (Top 10,000 experience)",2026-09-10T00:00:00.000Z,860.5327777777778
"Benchmark (Top 10,000 experience)",2026-09-11T00:00:00.000Z,974.8416666666667
"Benchmark (Top 10,000 experience)",2026-09-12T00:00:00.000Z,1276.125
"Benchmark (Top 10,000 experience)",2026-09-13T00:00:00.000Z,1272.026388888889
"Benchmark (Top 10,000 experience)",2026-09-14T00:00:00.000Z,835.3111111111111
"Benchmark (Top 10,000 experience)",2026-09-15T00:00:00.000Z,875.39
"Benchmark (Top 10,000 experience)",2026-09-16T00:00:00.000Z,836.1619444444444
"Benchmark (Top 10,000 experience)",2026-09-17T00:00:00.000Z,806.7241666666666
"Benchmark (Top 10,000 experience)",2026-09-18T00:00:00.000Z,882.5219444444444
"Benchmark (Top 10,000 experience)",2026-09-19T00:00:00.000Z,1209.3863888888889
"Benchmark (Top 10,000 experience)",2026-09-20T00:00:00.000Z,1221.5636111111112
"Benchmark (Top 10,000 experience)",2026-09-21T00:00:00.000Z,864.3691666666666
"Benchmark (Top 10,000 experience)",2026-09-22T00:00:00.000Z,814.8319444444444
"Benchmark (Top 10,000 experience)",2026-09-23T00:00:00.000Z,811.0811111111111
"Benchmark (Top 10,000 experience)",2026-09-24T00:00:00.000Z,835.9591666666666
"Benchmark (Top 10,000 experience)",2026-09-25T00:00:00.000Z,983.8591666666666
"Benchmark (Top 10,000 experience)",2026-09-26T00:00:00.000Z,1287.0244444444445
"Benchmark (Top 10,000 experience)",2026-09-27T00:00:00.000Z,1278.3816666666667
"Benchmark (Top 10,000 experience)",2026-09-28T00:00:00.000Z,876.7744444444445
"Benchmark (Top 10,000 experience)",2026-09-29T00:00:00.000Z,843.5316666666666
"Benchmark (Top 10,000 experience)",2026-09-30T00:00:00.000Z,863.1108333333333
"Benchmark (Top 10,000 experience)",2026-10-01T00:00:00.000Z,866.4941666666666
"Benchmark (Top 10,000 experience)",2026-10-02T00:00:00.000Z,1002.4211111111111
"Benchmark (Top 10,000 experience)",2026-10-03T00:00:00.000Z,1279.5311111111112
"Benchmark (Top 10,000 experience)",2026-10-04T00:00:00.000Z,1282.8825
"Benchmark (Top 10,000 experience)",2026-10-05T00:00:00.000Z,883.0755555555555
"Benchmark (Top 10,000 experience)",2026-10-06T00:00:00.000Z,842.1125