Source,Date,Unique users with plays
Total,2026-08-13T00:00:00.000Z,0
Total,2026-08-14T00:00:00.000Z,0
Total,2026-08-15T00:00:00.000Z,0
Total,2026-08-16T00:00:00.000Z,0
Total,2026-08-17T00:00:00.000Z,0
Total,2026-08-18T00:00:00.000Z,0
Total,2026-08-19T00:00:00.000Z,0
Total,2026-08-20T00:00:00.000Z,0
Total,2026-08-21T00:00:00.000Z,0
Total,2026-08-22T00:00:00.000Z,0
Total,2026-08-23T00:00:00.000Z,1
Total,2026-08-24T00:00:00.000Z,1
Total,2026-08-25T00:00:00.000Z,0
Total,2026-08-26T00:00:00.000Z,0
Total,2026-08-27T00:00:00.000Z,1
Total,2026-08-28T00:00:00.000Z,0
Total,2026-08-29T00:00:00.000Z,1
Total,2026-08-30T00:00:00.000Z,0
Total,2026-08-31T00:00:00.000Z,1
Total,2026-09-01T00:00:00.000Z,1
Total,2026-09-02T00:00:00.000Z,2
Total,2026-09-03T00:00:00.000Z,0
Total,2026-09-04T00:00:00.000Z,0
Total,2026-09-05T00:00:00.000Z,2
Total,2026-09-06T00:00:00.000Z,4
Total,2026-09-07T00:00:00.000Z,0
Total,2026-09-08T00:00:00.000Z,0
Total,2026-09-09T00:00:00.000Z,2
Total,2026-09-10T00:00:00.000Z,5
Total,2026-09-11T00:00:00.000Z,0
Total,2026-09-12T00:00:00.000Z,5
Total,2026-09-13T00:00:00.000Z,38
Total,2026-09-14T00:00:00.000Z,31
Total,2026-09-15T00:00:00.000Z,34
Total,2026-09-16T00:00:00.000Z,13
Total,2026-09-17T00:00:00.000Z,9
Total,2026-09-18T00:00:00.000Z,8
Total,2026-09-19T00:00:00.000Z,2
Total,2026-09-20T00:00:00.000Z,15
Total,2026-09-21T00:00:00.000Z,14
Total,2026-09-22T00:00:00.000Z,6
Total,2026-09-23T00:00:00.000Z,14
Total,2026-09-24T00:00:00.000Z,11
Total,2026-09-25T00:00:00.000Z,11
Total,2026-09-26T00:00:00.000Z,7
Total,2026-09-27T00:00:00.000Z,19
Total,2026-09-28T00:00:00.000Z,19
Total,2026-09-29T00:00:00.000Z,3
Total,2026-09-30T00:00:00.000Z,2
Total,2026-10-01T00:00:00.000Z,2
Total,2026-10-02T00:00:00.000Z,2
Total,2026-10-03T00:00:00.000Z,2
Total,2026-10-04T00:00:00.000Z,2
Total,2026-10-05T00:00:00.000Z,1
Total,2026-10-06T00:00:00.000Z,1
Total,2026-10-07T00:00:00.000Z,2
Home Recommendation,2026-08-13T00:00:00.000Z,0
Home Recommendation,2026-08-14T00:00:00.000Z,0
Home Recommendation,2026-08-15T00:00:00.000Z,0
Home Recommendation,2026-08-16T00:00:00.000Z,0
Home Recommendation,2026-08-17T00:00:00.000Z,0
Home Recommendation,2026-08-18T00:00:00.000Z,0
Home Recommendation,2026-08-19T00:00:00.000Z,0
Home Recommendation,2026-08-20T00:00:00.000Z,0
Home Recommendation,2026-08-21T00:00:00.000Z,0
Home Recommendation,2026-08-22T00:00:00.000Z,0
Home Recommendation,2026-08-23T00:00:00.000Z,0
Home Recommendation,2026-08-24T00:00:00.000Z,0
Home Recommendation,2026-08-25T00:00:00.000Z,0
Home Recommendation,2026-08-26T00:00:00.000Z,0
Home Recommendation,2026-08-27T00:00:00.000Z,0
Home Recommendation,2026-08-28T00:00:00.000Z,0
Home Recommendation,2026-08-29T00:00:00.000Z,0
Home Recommendation,2026-08-30T00:00:00.000Z,0
Home Recommendation,2026-08-31T00:00:00.000Z,0
Home Recommendation,2026-09-01T00:00:00.000Z,0
Home Recommendation,2026-09-02T00:00:00.000Z,0
Home Recommendation,2026-09-03T00:00:00.000Z,0
Home Recommendation,2026-09-04T00:00:00.000Z,0
Home Recommendation,2026-09-05T00:00:00.000Z,0
Home Recommendation,2026-09-06T00:00:00.000Z,0
Home Recommendation,2026-09-07T00:00:00.000Z,0
Home Recommendation,2026-09-08T00:00:00.000Z,0
Home Recommendation,2026-09-09T00:00:00.000Z,0
Home Recommendation,2026-09-10T00:00:00.000Z,0
Home Recommendation,2026-09-11T00:00:00.000Z,0
Home Recommendation,2026-09-12T00:00:00.000Z,0
Home Recommendation,2026-09-13T00:00:00.000Z,0
Home Recommendation,2026-09-14T00:00:00.000Z,0
Home Recommendation,2026-09-15T00:00:00.000Z,0
Home Recommendation,2026-09-16T00:00:00.000Z,0
Home Recommendation,2026-09-17T00:00:00.000Z,0
Home Recommendation,2026-09-18T00:00:00.000Z,0
Home Recommendation,2026-09-19T00:00:00.000Z,2
Home Recommendation,2026-09-20T00:00:00.000Z,7
Home Recommendation,2026-09-21T00:00:00.000Z,2
Home Recommendation,2026-09-22T00:00:00.000Z,0
Home Recommendation,2026-09-23T00:00:00.000Z,2
Home Recommendation,2026-09-24T00:00:00.000Z,0
Home Recommendation,2026-09-25T00:00:00.000Z,6
Home Recommendation,2026-09-26T00:00:00.000Z,0
Home Recommendation,2026-09-27T00:00:00.000Z,0
Home Recommendation,2026-09-28T00:00:00.000Z,0
Home Recommendation,2026-09-29T00:00:00.000Z,0
Home Recommendation,2026-09-30T00:00:00.000Z,0
Home Recommendation,2026-10-01T00:00:00.000Z,0
Home Recommendation,2026-10-02T00:00:00.000Z,0
Home Recommendation,2026-10-03T00:00:00.000Z,0
Home Recommendation,2026-10-04T00:00:00.000Z,0
Home Recommendation,2026-10-05T00:00:00.000Z,0
Home Recommendation,2026-10-06T00:00:00.000Z,0
Home Recommendation,2026-10-07T00:00:00.000Z,0
Search,2026-08-13T00:00:00.000Z,0
Search,2026-08-14T00:00:00.000Z,0
Search,2026-08-15T00:00:00.000Z,0
Search,2026-08-16T00:00:00.000Z,0
Search,2026-08-17T00:00:00.000Z,0
Search,2026-08-18T00:00:00.000Z,0
Search,2026-08-19T00:00:00.000Z,0
Search,2026-08-20T00:00:00.000Z,0
Search,2026-08-21T00:00:00.000Z,0
Search,2026-08-22T00:00:00.000Z,0
Search,2026-08-23T00:00:00.000Z,0
Search,2026-08-24T00:00:00.000Z,0
Search,2026-08-25T00:00:00.000Z,0
Search,2026-08-26T00:00:00.000Z,0
Search,2026-08-27T00:00:00.000Z,0
Search,2026-08-28T00:00:00.000Z,0
Search,2026-08-29T00:00:00.000Z,0
Search,2026-08-30T00:00:00.000Z,0
Search,2026-08-31T00:00:00.000Z,0
Search,2026-09-01T00:00:00.000Z,0
Search,2026-09-02T00:00:00.000Z,0
Search,2026-09-03T00:00:00.000Z,0
Search,2026-09-04T00:00:00.000Z,0
Search,2026-09-05T00:00:00.000Z,0
Search,2026-09-06T00:00:00.000Z,0
Search,2026-09-07T00:00:00.000Z,0
Search,2026-09-08T00:00:00.000Z,0
Search,2026-09-09T00:00:00.000Z,0
Search,2026-09-10T00:00:00.000Z,0
Search,2026-09-11T00:00:00.000Z,0
Search,2026-09-12T00:00:00.000Z,1
Search,2026-09-13T00:00:00.000Z,3
Search,2026-09-14T00:00:00.000Z,4
Search,2026-09-15T00:00:00.000Z,1
Search,2026-09-16T00:00:00.000Z,5
Search,2026-09-17T00:00:00.000Z,4
Search,2026-09-18T00:00:00.000Z,3
Search,2026-09-19T00:00:00.000Z,0
Search,2026-09-20T00:00:00.000Z,3
Search,2026-09-21T00:00:00.000Z,5
Search,2026-09-22T00:00:00.000Z,2
Search,2026-09-23T00:00:00.000Z,3
Search,2026-09-24T00:00:00.000Z,0
Search,2026-09-25T00:00:00.000Z,1
Search,2026-09-26T00:00:00.000Z,1
Search,2026-09-27T00:00:00.000Z,1
Search,2026-09-28T00:00:00.000Z,0
Search,2026-09-29T00:00:00.000Z,0
Search,2026-09-30T00:00:00.000Z,0
Search,2026-10-01T00:00:00.000Z,1
Search,2026-10-02T00:00:00.000Z,0
Search,2026-10-03T00:00:00.000Z,1
Search,2026-10-04T00:00:00.000Z,0
Search,2026-10-05T00:00:00.000Z,1
Search,2026-10-06T00:00:00.000Z,1
Search,2026-10-07T00:00:00.000Z,0
Friends,2026-08-13T00:00:00.000Z,0
Friends,2026-08-14T00:00:00.000Z,0
Friends,2026-08-15T00:00:00.000Z,0
Friends,2026-08-16T00:00:00.000Z,0
Friends,2026-08-17T00:00:00.000Z,0
Friends,2026-08-18T00:00:00.000Z,0
Friends,2026-08-19T00:00:00.000Z,0
Friends,2026-08-20T00:00:00.000Z,0
Friends,2026-08-21T00:00:00.000Z,0
Friends,2026-08-22T00:00:00.000Z,0
Friends,2026-08-23T00:00:00.000Z,0
Friends,2026-08-24T00:00:00.000Z,0
Friends,2026-08-25T00:00:00.000Z,0
Friends,2026-08-26T00:00:00.000Z,0
Friends,2026-08-27T00:00:00.000Z,0
Friends,2026-08-28T00:00:00.000Z,0
Friends,2026-08-29T00:00:00.000Z,0
Friends,2026-08-30T00:00:00.000Z,0
Friends,2026-08-31T00:00:00.000Z,0
Friends,2026-09-01T00:00:00.000Z,0
Friends,2026-09-02T00:00:00.000Z,0
Friends,2026-09-03T00:00:00.000Z,0
Friends,2026-09-04T00:00:00.000Z,0
Friends,2026-09-05T00:00:00.000Z,1
Friends,2026-09-06T00:00:00.000Z,0
Friends,2026-09-07T00:00:00.000Z,0
Friends,2026-09-08T00:00:00.000Z,0
Friends,2026-09-09T00:00:00.000Z,0
Friends,2026-09-10T00:00:00.000Z,0
Friends,2026-09-11T00:00:00.000Z,0
Friends,2026-09-12T00:00:00.000Z,2
Friends,2026-09-13T00:00:00.000Z,1
Friends,2026-09-14T00:00:00.000Z,2
Friends,2026-09-15T00:00:00.000Z,3
Friends,2026-09-16T00:00:00.000Z,2
Friends,2026-09-17T00:00:00.000Z,1
Friends,2026-09-18T00:00:00.000Z,0
Friends,2026-09-19T00:00:00.000Z,0
Friends,2026-09-20T00:00:00.000Z,0
Friends,2026-09-21T00:00:00.000Z,0
Friends,2026-09-22T00:00:00.000Z,0
Friends,2026-09-23T00:00:00.000Z,0
Friends,2026-09-24T00:00:00.000Z,1
Friends,2026-09-25T00:00:00.000Z,0
Friends,2026-09-26T00:00:00.000Z,0
Friends,2026-09-27T00:00:00.000Z,1
Friends,2026-09-28T00:00:00.000Z,0
Friends,2026-09-29T00:00:00.000Z,0
Friends,2026-09-30T00:00:00.000Z,0
Friends,2026-10-01T00:00:00.000Z,0
Friends,2026-10-02T00:00:00.000Z,0
Friends,2026-10-03T00:00:00.000Z,0
Friends,2026-10-04T00:00:00.000Z,0
Friends,2026-10-05T00:00:00.000Z,0
Friends,2026-10-06T00:00:00.000Z,0
Friends,2026-10-07T00:00:00.000Z,0
Sponsored Ads,2026-08-13T00:00:00.000Z,0
Sponsored Ads,2026-08-14T00:00:00.000Z,0
Sponsored Ads,2026-08-15T00:00:00.000Z,0
Sponsored Ads,2026-08-16T00:00:00.000Z,0
Sponsored Ads,2026-08-17T00:00:00.000Z,0
Sponsored Ads,2026-08-18T00:00:00.000Z,0
Sponsored Ads,2026-08-19T00:00:00.000Z,0
Sponsored Ads,2026-08-20T00:00:00.000Z,0
Sponsored Ads,2026-08-21T00:00:00.000Z,0
Sponsored Ads,2026-08-22T00:00:00.000Z,0
Sponsored Ads,2026-08-23T00:00:00.000Z,0
Sponsored Ads,2026-08-24T00:00:00.000Z,0
Sponsored Ads,2026-08-25T00:00:00.000Z,0
Sponsored Ads,2026-08-26T00:00:00.000Z,0
Sponsored Ads,2026-08-27T00:00:00.000Z,0
Sponsored Ads,2026-08-28T00:00:00.000Z,0
Sponsored Ads,2026-08-29T00:00:00.000Z,0
Sponsored Ads,2026-08-30T00:00:00.000Z,0
Sponsored Ads,2026-08-31T00:00:00.000Z,0
Sponsored Ads,2026-09-01T00:00:00.000Z,0
Sponsored Ads,2026-09-02T00:00:00.000Z,0
Sponsored Ads,2026-09-03T00:00:00.000Z,0
Sponsored Ads,2026-09-04T00:00:00.000Z,0
Sponsored Ads,2026-09-05T00:00:00.000Z,0
Sponsored Ads,2026-09-06T00:00:00.000Z,0
Sponsored Ads,2026-09-07T00:00:00.000Z,0
Sponsored Ads,2026-09-08T00:00:00.000Z,0
Sponsored Ads,2026-09-09T00:00:00.000Z,0
Sponsored Ads,2026-09-10T00:00:00.000Z,0
Sponsored Ads,2026-09-11T00:00:00.000Z,0
Sponsored Ads,2026-09-12T00:00:00.000Z,0
Sponsored Ads,2026-09-13T00:00:00.000Z,31
Sponsored Ads,2026-09-14T00:00:00.000Z,22
Sponsored Ads,2026-09-15T00:00:00.000Z,25
Sponsored Ads,2026-09-16T00:00:00.000Z,2
Sponsored Ads,2026-09-17T00:00:00.000Z,0
Sponsored Ads,2026-09-18T00:00:00.000Z,0
Sponsored Ads,2026-09-19T00:00:00.000Z,0
Sponsored Ads,2026-09-20T00:00:00.000Z,0
Sponsored Ads,2026-09-21T00:00:00.000Z,0
Sponsored Ads,2026-09-22T00:00:00.000Z,0
Sponsored Ads,2026-09-23T00:00:00.000Z,0
Sponsored Ads,2026-09-24T00:00:00.000Z,0
Sponsored Ads,2026-09-25T00:00:00.000Z,0
Sponsored Ads,2026-09-26T00:00:00.000Z,0
Sponsored Ads,2026-09-27T00:00:00.000Z,0
Sponsored Ads,2026-09-28T00:00:00.000Z,0
Sponsored Ads,2026-09-29T00:00:00.000Z,0
Sponsored Ads,2026-09-30T00:00:00.000Z,0
Sponsored Ads,2026-10-01T00:00:00.000Z,0
Sponsored Ads,2026-10-02T00:00:00.000Z,0
Sponsored Ads,2026-10-03T00:00:00.000Z,0
Sponsored Ads,2026-10-04T00:00:00.000Z,0
Sponsored Ads,2026-10-05T00:00:00.000Z,0
Sponsored Ads,2026-10-06T00:00:00.000Z,0
Sponsored Ads,2026-10-07T00:00:00.000Z,0
Other,2026-08-13T00:00:00.000Z,0
Other,2026-08-14T00:00:00.000Z,0
Other,2026-08-15T00:00:00.000Z,0
Other,2026-08-16T00:00:00.000Z,0
Other,2026-08-17T00:00:00.000Z,0
Other,2026-08-18T00:00:00.000Z,0
Other,2026-08-19T00:00:00.000Z,0
Other,2026-08-20T00:00:00.000Z,0
Other,2026-08-21T00:00:00.000Z,0
Other,2026-08-22T00:00:00.000Z,0
Other,2026-08-23T00:00:00.000Z,1
Other,2026-08-24T00:00:00.000Z,1
Other,2026-08-25T00:00:00.000Z,0
Other,2026-08-26T00:00:00.000Z,0
Other,2026-08-27T00:00:00.000Z,1
Other,2026-08-28T00:00:00.000Z,0
Other,2026-08-29T00:00:00.000Z,1
Other,2026-08-30T00:00:00.000Z,0
Other,2026-08-31T00:00:00.000Z,1
Other,2026-09-01T00:00:00.000Z,1
Other,2026-09-02T00:00:00.000Z,2
Other,2026-09-03T00:00:00.000Z,0
Other,2026-09-04T00:00:00.000Z,0
Other,2026-09-05T00:00:00.000Z,1
Other,2026-09-06T00:00:00.000Z,4
Other,2026-09-07T00:00:00.000Z,0
Other,2026-09-08T00:00:00.000Z,0
Other,2026-09-09T00:00:00.000Z,2
Other,2026-09-10T00:00:00.000Z,5
Other,2026-09-11T00:00:00.000Z,0
Other,2026-09-12T00:00:00.000Z,2
Other,2026-09-13T00:00:00.000Z,3
Other,2026-09-14T00:00:00.000Z,3
Other,2026-09-15T00:00:00.000Z,5
Other,2026-09-16T00:00:00.000Z,4
Other,2026-09-17T00:00:00.000Z,4
Other,2026-09-18T00:00:00.000Z,5
Other,2026-09-19T00:00:00.000Z,0
Other,2026-09-20T00:00:00.000Z,5
Other,2026-09-21T00:00:00.000Z,7
Other,2026-09-22T00:00:00.000Z,4
Other,2026-09-23T00:00:00.000Z,9
Other,2026-09-24T00:00:00.000Z,10
Other,2026-09-25T00:00:00.000Z,4
Other,2026-09-26T00:00:00.000Z,6
Other,2026-09-27T00:00:00.000Z,17
Other,2026-09-28T00:00:00.000Z,19
Other,2026-09-29T00:00:00.000Z,3
Other,2026-09-30T00:00:00.000Z,2
Other,2026-10-01T00:00:00.000Z,1
Other,2026-10-02T00:00:00.000Z,2
Other,2026-10-03T00:00:00.000Z,1
Other,2026-10-04T00:00:00.000Z,2
Other,2026-10-05T00:00:00.000Z,0
Other,2026-10-06T00:00:00.000Z,0
Other,2026-10-07T00:00:00.000Z,2