Breakdown,Date,Average playtime
Total,2026-08-12T00:00:00.000Z,0
Total,2026-08-13T00:00:00.000Z,0
Total,2026-08-14T00:00:00.000Z,0
Total,2026-08-15T00:00:00.000Z,0
Total,2026-08-16T00:00:00.000Z,0
Total,2026-08-17T00:00:00.000Z,0
Total,2026-08-18T00:00:00.000Z,0
Total,2026-08-19T00:00:00.000Z,0
Total,2026-08-20T00:00:00.000Z,0
Total,2026-08-21T00:00:00.000Z,0
Total,2026-08-22T00:00:00.000Z,0
Total,2026-08-23T00:00:00.000Z,2.8499999046325684
Total,2026-08-24T00:00:00.000Z,3.0833332538604736
Total,2026-08-25T00:00:00.000Z,24.891666412353516
Total,2026-08-26T00:00:00.000Z,0
Total,2026-08-27T00:00:00.000Z,8.183333396911621
Total,2026-08-28T00:00:00.000Z,0
Total,2026-08-29T00:00:00.000Z,42.75833511352539
Total,2026-08-30T00:00:00.000Z,1.2333333492279053
Total,2026-08-31T00:00:00.000Z,12.791666984558105
Total,2026-09-01T00:00:00.000Z,12.708333015441895
Total,2026-09-02T00:00:00.000Z,96.07499694824219
Total,2026-09-03T00:00:00.000Z,266.1833190917969
Total,2026-09-04T00:00:00.000Z,181.74166870117188
Total,2026-09-05T00:00:00.000Z,108.75
Total,2026-09-06T00:00:00.000Z,262.1939392089844
Total,2026-09-07T00:00:00.000Z,347.75555419921875
Total,2026-09-08T00:00:00.000Z,177.52499389648438
Total,2026-09-09T00:00:00.000Z,299.3523864746094
Total,2026-09-10T00:00:00.000Z,208.3249969482422
Total,2026-09-11T00:00:00.000Z,271.6916809082031
Total,2026-09-12T00:00:00.000Z,171.3222198486328
Total,2026-09-13T00:00:00.000Z,61.63843536376953
Total,2026-09-14T00:00:00.000Z,116.11463165283203
Total,2026-09-15T00:00:00.000Z,127.50682067871094
Total,2026-09-16T00:00:00.000Z,187.95591735839844
Total,2026-09-17T00:00:00.000Z,228.3469696044922
Total,2026-09-18T00:00:00.000Z,124.88508605957031
Total,2026-09-19T00:00:00.000Z,209.70150756835938
Total,2026-09-20T00:00:00.000Z,21.91031837463379
Total,2026-09-21T00:00:00.000Z,80.88148498535156
Total,2026-09-22T00:00:00.000Z,138.1986083984375
Total,2026-09-23T00:00:00.000Z,43.776668548583984
Total,2026-09-24T00:00:00.000Z,6.5535712242126465
Total,2026-09-25T00:00:00.000Z,8.5460786819458
Total,2026-09-26T00:00:00.000Z,16.875925064086914
Total,2026-09-27T00:00:00.000Z,2.273484945297241
Total,2026-09-28T00:00:00.000Z,1.5606060028076172
Total,2026-09-29T00:00:00.000Z,0.9916666746139526
Total,2026-09-30T00:00:00.000Z,5.316666603088379
Total,2026-10-01T00:00:00.000Z,51.627777099609375
Total,2026-10-02T00:00:00.000Z,1.6333333253860474
Total,2026-10-03T00:00:00.000Z,14.395833015441895
Total,2026-10-04T00:00:00.000Z,4.183333396911621
Total,2026-10-05T00:00:00.000Z,1.6416666507720947
Total,2026-10-06T00:00:00.000Z,10.083333015441895