Breakdown,Date,Day 7 retention
Total,2026-08-16T00:00:00.000Z,0
Total,2026-08-17T00:00:00.000Z,0
Total,2026-08-18T00:00:00.000Z,0
Total,2026-08-19T00:00:00.000Z,null
Total,2026-08-20T00:00:00.000Z,0
Total,2026-08-21T00:00:00.000Z,null
Total,2026-08-22T00:00:00.000Z,0
Total,2026-08-23T00:00:00.000Z,0
Total,2026-08-24T00:00:00.000Z,0
Total,2026-08-25T00:00:00.000Z,0
Total,2026-08-26T00:00:00.000Z,0
Total,2026-08-27T00:00:00.000Z,0
Total,2026-08-28T00:00:00.000Z,0
Total,2026-08-29T00:00:00.000Z,0
Total,2026-08-30T00:00:00.000Z,0
Total,2026-08-31T00:00:00.000Z,1
Total,2026-09-01T00:00:00.000Z,0
Total,2026-09-02T00:00:00.000Z,0
Total,2026-09-03T00:00:00.000Z,0
Total,2026-09-04T00:00:00.000Z,0
Total,2026-09-05T00:00:00.000Z,0.5
Total,2026-09-06T00:00:00.000Z,0.25
Total,2026-09-07T00:00:00.000Z,0
Total,2026-09-08T00:00:00.000Z,0
Total,2026-09-09T00:00:00.000Z,0
Total,2026-09-10T00:00:00.000Z,0.20000000298023224
Total,2026-09-11T00:00:00.000Z,0
Total,2026-09-12T00:00:00.000Z,0
Total,2026-09-13T00:00:00.000Z,0
Total,2026-09-14T00:00:00.000Z,0
Total,2026-09-15T00:00:00.000Z,0.02857142686843872
Total,2026-09-16T00:00:00.000Z,0
Total,2026-09-17T00:00:00.000Z,0
Total,2026-09-18T00:00:00.000Z,0
Total,2026-09-19T00:00:00.000Z,0
Total,2026-09-20T00:00:00.000Z,0.06666666269302368
Total,2026-09-21T00:00:00.000Z,0
Total,2026-09-22T00:00:00.000Z,0
Total,2026-09-23T00:00:00.000Z,0
Total,2026-09-24T00:00:00.000Z,0
Total,2026-09-25T00:00:00.000Z,0
Total,2026-09-26T00:00:00.000Z,0
Total,2026-09-27T00:00:00.000Z,0
Total,2026-09-28T00:00:00.000Z,0
Total,2026-09-29T00:00:00.000Z,0