Revenue Source,Date,Revenue
Total,2026-08-12T00:00:00.000Z,0
Total,2026-08-13T00:00:00.000Z,0
Total,2026-08-14T00:00:00.000Z,0
Total,2026-08-15T00:00:00.000Z,0
Total,2026-08-16T00:00:00.000Z,0
Total,2026-08-17T00:00:00.000Z,0
Total,2026-08-18T00:00:00.000Z,0
Total,2026-08-19T00:00:00.000Z,0
Total,2026-08-20T00:00:00.000Z,0
Total,2026-08-21T00:00:00.000Z,0
Total,2026-08-22T00:00:00.000Z,0
Total,2026-08-23T00:00:00.000Z,0
Total,2026-08-24T00:00:00.000Z,0
Total,2026-08-25T00:00:00.000Z,0
Total,2026-08-26T00:00:00.000Z,0
Total,2026-08-27T00:00:00.000Z,0
Total,2026-08-28T00:00:00.000Z,0
Total,2026-08-29T00:00:00.000Z,0
Total,2026-08-30T00:00:00.000Z,0
Total,2026-08-31T00:00:00.000Z,0
Total,2026-09-01T00:00:00.000Z,0
Total,2026-09-02T00:00:00.000Z,7
Total,2026-09-03T00:00:00.000Z,0
Total,2026-09-04T00:00:00.000Z,56
Total,2026-09-05T00:00:00.000Z,7
Total,2026-09-06T00:00:00.000Z,385
Total,2026-09-07T00:00:00.000Z,0
Total,2026-09-08T00:00:00.000Z,0
Total,2026-09-09T00:00:00.000Z,0
Total,2026-09-10T00:00:00.000Z,14
Total,2026-09-11T00:00:00.000Z,0
Total,2026-09-12T00:00:00.000Z,0
Total,2026-09-13T00:00:00.000Z,91
Total,2026-09-14T00:00:00.000Z,363
Total,2026-09-15T00:00:00.000Z,1486
Total,2026-09-16T00:00:00.000Z,727
Total,2026-09-17T00:00:00.000Z,0
Total,2026-09-18T00:00:00.000Z,0
Total,2026-09-19T00:00:00.000Z,0
Total,2026-09-20T00:00:00.000Z,0
Total,2026-09-21T00:00:00.000Z,0
Total,2026-09-22T00:00:00.000Z,0
Total,2026-09-23T00:00:00.000Z,0
Total,2026-09-24T00:00:00.000Z,0
Total,2026-09-25T00:00:00.000Z,0
Total,2026-09-26T00:00:00.000Z,0
Total,2026-09-27T00:00:00.000Z,0
Total,2026-09-28T00:00:00.000Z,0
Total,2026-09-29T00:00:00.000Z,0
Total,2026-09-30T00:00:00.000Z,0
Total,2026-10-01T00:00:00.000Z,0
Total,2026-10-02T00:00:00.000Z,0
Total,2026-10-03T00:00:00.000Z,0
Total,2026-10-04T00:00:00.000Z,0
Total,2026-10-05T00:00:00.000Z,0
Total,2026-10-06T00:00:00.000Z,0
Passes,2026-08-12T00:00:00.000Z,0
Passes,2026-08-13T00:00:00.000Z,0
Passes,2026-08-14T00:00:00.000Z,0
Passes,2026-08-15T00:00:00.000Z,0
Passes,2026-08-16T00:00:00.000Z,0
Passes,2026-08-17T00:00:00.000Z,0
Passes,2026-08-18T00:00:00.000Z,0
Passes,2026-08-19T00:00:00.000Z,0
Passes,2026-08-20T00:00:00.000Z,0
Passes,2026-08-21T00:00:00.000Z,0
Passes,2026-08-22T00:00:00.000Z,0
Passes,2026-08-23T00:00:00.000Z,0
Passes,2026-08-24T00:00:00.000Z,0
Passes,2026-08-25T00:00:00.000Z,0
Passes,2026-08-26T00:00:00.000Z,0
Passes,2026-08-27T00:00:00.000Z,0
Passes,2026-08-28T00:00:00.000Z,0
Passes,2026-08-29T00:00:00.000Z,0
Passes,2026-08-30T00:00:00.000Z,0
Passes,2026-08-31T00:00:00.000Z,0
Passes,2026-09-01T00:00:00.000Z,0
Passes,2026-09-02T00:00:00.000Z,0
Passes,2026-09-03T00:00:00.000Z,0
Passes,2026-09-04T00:00:00.000Z,0
Passes,2026-09-05T00:00:00.000Z,0
Passes,2026-09-06T00:00:00.000Z,35
Passes,2026-09-07T00:00:00.000Z,0
Passes,2026-09-08T00:00:00.000Z,0
Passes,2026-09-09T00:00:00.000Z,0
Passes,2026-09-10T00:00:00.000Z,0
Passes,2026-09-11T00:00:00.000Z,0
Passes,2026-09-12T00:00:00.000Z,0
Passes,2026-09-13T00:00:00.000Z,0
Passes,2026-09-14T00:00:00.000Z,244
Passes,2026-09-15T00:00:00.000Z,1430
Passes,2026-09-16T00:00:00.000Z,279
Passes,2026-09-17T00:00:00.000Z,0
Passes,2026-09-18T00:00:00.000Z,0
Passes,2026-09-19T00:00:00.000Z,0
Passes,2026-09-20T00:00:00.000Z,0
Passes,2026-09-21T00:00:00.000Z,0
Passes,2026-09-22T00:00:00.000Z,0
Passes,2026-09-23T00:00:00.000Z,0
Passes,2026-09-24T00:00:00.000Z,0
Passes,2026-09-25T00:00:00.000Z,0
Passes,2026-09-26T00:00:00.000Z,0
Passes,2026-09-27T00:00:00.000Z,0
Passes,2026-09-28T00:00:00.000Z,0
Passes,2026-09-29T00:00:00.000Z,0
Passes,2026-09-30T00:00:00.000Z,0
Passes,2026-10-01T00:00:00.000Z,0
Passes,2026-10-02T00:00:00.000Z,0
Passes,2026-10-03T00:00:00.000Z,0
Passes,2026-10-04T00:00:00.000Z,0
Passes,2026-10-05T00:00:00.000Z,0
Passes,2026-10-06T00:00:00.000Z,0
Developer Products,2026-08-12T00:00:00.000Z,0
Developer Products,2026-08-13T00:00:00.000Z,0
Developer Products,2026-08-14T00:00:00.000Z,0
Developer Products,2026-08-15T00:00:00.000Z,0
Developer Products,2026-08-16T00:00:00.000Z,0
Developer Products,2026-08-17T00:00:00.000Z,0
Developer Products,2026-08-18T00:00:00.000Z,0
Developer Products,2026-08-19T00:00:00.000Z,0
Developer Products,2026-08-20T00:00:00.000Z,0
Developer Products,2026-08-21T00:00:00.000Z,0
Developer Products,2026-08-22T00:00:00.000Z,0
Developer Products,2026-08-23T00:00:00.000Z,0
Developer Products,2026-08-24T00:00:00.000Z,0
Developer Products,2026-08-25T00:00:00.000Z,0
Developer Products,2026-08-26T00:00:00.000Z,0
Developer Products,2026-08-27T00:00:00.000Z,0
Developer Products,2026-08-28T00:00:00.000Z,0
Developer Products,2026-08-29T00:00:00.000Z,0
Developer Products,2026-08-30T00:00:00.000Z,0
Developer Products,2026-08-31T00:00:00.000Z,0
Developer Products,2026-09-01T00:00:00.000Z,0
Developer Products,2026-09-02T00:00:00.000Z,7
Developer Products,2026-09-03T00:00:00.000Z,0
Developer Products,2026-09-04T00:00:00.000Z,56
Developer Products,2026-09-05T00:00:00.000Z,7
Developer Products,2026-09-06T00:00:00.000Z,350
Developer Products,2026-09-07T00:00:00.000Z,0
Developer Products,2026-09-08T00:00:00.000Z,0
Developer Products,2026-09-09T00:00:00.000Z,0
Developer Products,2026-09-10T00:00:00.000Z,14
Developer Products,2026-09-11T00:00:00.000Z,0
Developer Products,2026-09-12T00:00:00.000Z,0
Developer Products,2026-09-13T00:00:00.000Z,91
Developer Products,2026-09-14T00:00:00.000Z,119
Developer Products,2026-09-15T00:00:00.000Z,56
Developer Products,2026-09-16T00:00:00.000Z,448
Developer Products,2026-09-17T00:00:00.000Z,0
Developer Products,2026-09-18T00:00:00.000Z,0
Developer Products,2026-09-19T00:00:00.000Z,0
Developer Products,2026-09-20T00:00:00.000Z,0
Developer Products,2026-09-21T00:00:00.000Z,0
Developer Products,2026-09-22T00:00:00.000Z,0
Developer Products,2026-09-23T00:00:00.000Z,0
Developer Products,2026-09-24T00:00:00.000Z,0
Developer Products,2026-09-25T00:00:00.000Z,0
Developer Products,2026-09-26T00:00:00.000Z,0
Developer Products,2026-09-27T00:00:00.000Z,0
Developer Products,2026-09-28T00:00:00.000Z,0
Developer Products,2026-09-29T00:00:00.000Z,0
Developer Products,2026-09-30T00:00:00.000Z,0
Developer Products,2026-10-01T00:00:00.000Z,0
Developer Products,2026-10-02T00:00:00.000Z,0
Developer Products,2026-10-03T00:00:00.000Z,0
Developer Products,2026-10-04T00:00:00.000Z,0
Developer Products,2026-10-05T00:00:00.000Z,0
Developer Products,2026-10-06T00:00:00.000Z,0
Unknown,2026-08-12T00:00:00.000Z,0
Unknown,2026-08-13T00:00:00.000Z,0
Unknown,2026-08-14T00:00:00.000Z,0
Unknown,2026-08-15T00:00:00.000Z,0
Unknown,2026-08-16T00:00:00.000Z,0
Unknown,2026-08-17T00:00:00.000Z,0
Unknown,2026-08-18T00:00:00.000Z,0
Unknown,2026-08-19T00:00:00.000Z,0
Unknown,2026-08-20T00:00:00.000Z,0
Unknown,2026-08-21T00:00:00.000Z,0
Unknown,2026-08-22T00:00:00.000Z,0
Unknown,2026-08-23T00:00:00.000Z,0
Unknown,2026-08-24T00:00:00.000Z,0
Unknown,2026-08-25T00:00:00.000Z,0
Unknown,2026-08-26T00:00:00.000Z,0
Unknown,2026-08-27T00:00:00.000Z,0
Unknown,2026-08-28T00:00:00.000Z,0
Unknown,2026-08-29T00:00:00.000Z,0
Unknown,2026-08-30T00:00:00.000Z,0
Unknown,2026-08-31T00:00:00.000Z,0
Unknown,2026-09-01T00:00:00.000Z,0
Unknown,2026-09-02T00:00:00.000Z,0
Unknown,2026-09-03T00:00:00.000Z,0
Unknown,2026-09-04T00:00:00.000Z,0
Unknown,2026-09-05T00:00:00.000Z,0
Unknown,2026-09-06T00:00:00.000Z,0
Unknown,2026-09-07T00:00:00.000Z,0
Unknown,2026-09-08T00:00:00.000Z,0
Unknown,2026-09-09T00:00:00.000Z,0
Unknown,2026-09-10T00:00:00.000Z,0
Unknown,2026-09-11T00:00:00.000Z,0
Unknown,2026-09-12T00:00:00.000Z,0
Unknown,2026-09-13T00:00:00.000Z,0
Unknown,2026-09-14T00:00:00.000Z,0
Unknown,2026-09-15T00:00:00.000Z,0
Unknown,2026-09-16T00:00:00.000Z,0
Unknown,2026-09-17T00:00:00.000Z,0
Unknown,2026-09-18T00:00:00.000Z,0
Unknown,2026-09-19T00:00:00.000Z,0
Unknown,2026-09-20T00:00:00.000Z,0
Unknown,2026-09-21T00:00:00.000Z,0
Unknown,2026-09-22T00:00:00.000Z,0
Unknown,2026-09-23T00:00:00.000Z,0
Unknown,2026-09-24T00:00:00.000Z,0
Unknown,2026-09-25T00:00:00.000Z,0
Unknown,2026-09-26T00:00:00.000Z,0
Unknown,2026-09-27T00:00:00.000Z,0
Unknown,2026-09-28T00:00:00.000Z,0
Unknown,2026-09-29T00:00:00.000Z,0
Unknown,2026-09-30T00:00:00.000Z,0
Unknown,2026-10-01T00:00:00.000Z,0
Unknown,2026-10-02T00:00:00.000Z,0
Unknown,2026-10-03T00:00:00.000Z,0
Unknown,2026-10-04T00:00:00.000Z,0
Unknown,2026-10-05T00:00:00.000Z,0
Unknown,2026-10-06T00:00:00.000Z,0