Breakdown,Date,Average session time
Total,2026-08-12T00:00:00.000Z,0
Total,2026-08-13T00:00:00.000Z,0
Total,2026-08-14T00:00:00.000Z,0
Total,2026-08-15T00:00:00.000Z,0
Total,2026-08-16T00:00:00.000Z,0
Total,2026-08-17T00:00:00.000Z,0
Total,2026-08-18T00:00:00.000Z,0
Total,2026-08-19T00:00:00.000Z,0
Total,2026-08-20T00:00:00.000Z,0
Total,2026-08-21T00:00:00.000Z,0
Total,2026-08-22T00:00:00.000Z,0
Total,2026-08-23T00:00:00.000Z,2.8499999046325684
Total,2026-08-24T00:00:00.000Z,1.2333333492279053
Total,2026-08-25T00:00:00.000Z,0
Total,2026-08-26T00:00:00.000Z,0
Total,2026-08-27T00:00:00.000Z,8.183333396911621
Total,2026-08-28T00:00:00.000Z,0
Total,2026-08-29T00:00:00.000Z,53.63333511352539
Total,2026-08-30T00:00:00.000Z,0
Total,2026-08-31T00:00:00.000Z,8.616666793823242
Total,2026-09-01T00:00:00.000Z,0.8500000238418579
Total,2026-09-02T00:00:00.000Z,39.36666488647461
Total,2026-09-03T00:00:00.000Z,0
Total,2026-09-04T00:00:00.000Z,0
Total,2026-09-05T00:00:00.000Z,26.386667251586914
Total,2026-09-06T00:00:00.000Z,91.94499969482422
Total,2026-09-07T00:00:00.000Z,0
Total,2026-09-08T00:00:00.000Z,0
Total,2026-09-09T00:00:00.000Z,9.0625
Total,2026-09-10T00:00:00.000Z,96.77381134033203
Total,2026-09-11T00:00:00.000Z,0
Total,2026-09-12T00:00:00.000Z,25.77666664123535
Total,2026-09-13T00:00:00.000Z,13.649999618530273
Total,2026-09-14T00:00:00.000Z,34.040740966796875
Total,2026-09-15T00:00:00.000Z,43.62083435058594
Total,2026-09-16T00:00:00.000Z,32.90312576293945
Total,2026-09-17T00:00:00.000Z,42.80277633666992
Total,2026-09-18T00:00:00.000Z,12.816666603088379
Total,2026-09-19T00:00:00.000Z,46.936668395996094
Total,2026-09-20T00:00:00.000Z,9.899019241333008
Total,2026-09-21T00:00:00.000Z,46.8601188659668
Total,2026-09-22T00:00:00.000Z,20.106250762939453
Total,2026-09-23T00:00:00.000Z,10.706666946411133
Total,2026-09-24T00:00:00.000Z,1.6954545974731445
Total,2026-09-25T00:00:00.000Z,5.724242210388184
Total,2026-09-26T00:00:00.000Z,11.368518829345703
Total,2026-09-27T00:00:00.000Z,1.2308332920074463
Total,2026-09-28T00:00:00.000Z,1.5258333683013916
Total,2026-09-29T00:00:00.000Z,1.149999976158142
Total,2026-09-30T00:00:00.000Z,0.42500001192092896
Total,2026-10-01T00:00:00.000Z,51.46666717529297
Total,2026-10-02T00:00:00.000Z,0.3083333373069763
Total,2026-10-03T00:00:00.000Z,27.558332443237305
Total,2026-10-04T00:00:00.000Z,0.5666666626930237
Total,2026-10-05T00:00:00.000Z,0.21666666865348816
Total,2026-10-06T00:00:00.000Z,10.083333015441895