Source,Users with plays,Conversion Rate,D7 Retention*,7D Playtime Per User (Cumulative)*,30D Payer Conversion (Cumulative)*,30D Revenue per User (Cumulative)*
Total,294,0.003789722453802824,0.02500000037252903,128.92074584960938,0.2857142984867096,37
Home Recommendation,19,0.016934046521782875,0,25.04298210144043,0,0
Search,41,0.0021776219364255667,0,278.7743225097656,0,0
Friends,14,0.11965811997652054,0.0714285746216774,114.76547241210938,0,0
Teleport,0,NaN,NaN,NaN,NaN,NaN
Sponsored Ads,80,NaN,0,78.04875183105469,0,0
Portal Ads,0,NaN,NaN,NaN,NaN,NaN
Continue Play,0,NaN,NaN,NaN,NaN,NaN
Featured by Roblox,0,NaN,NaN,NaN,NaN,NaN
Charts,0,NaN,NaN,NaN,NaN,NaN
Search Ads,0,NaN,NaN,NaN,NaN,NaN
Moments,0,NaN,NaN,NaN,NaN,NaN
Other,140,1,0.04615384712815285,134.20126342773438,0.3076923191547394,39.846153259277344